/*
Navicat MySQL Data Transfer

Source Server         : localhost_3306
Source Server Version : 50524
Source Host           : localhost:3306
Source Database       : qlbh

Target Server Type    : MYSQL
Target Server Version : 50524
File Encoding         : 65001

Date: 2015-01-13 06:53:48
*/

SET FOREIGN_KEY_CHECKS=0;
-- ----------------------------
-- Table structure for `categories`
-- ----------------------------
DROP TABLE IF EXISTS `categories`;
CREATE TABLE `categories` (
  `ID` int(10) unsigned NOT NULL AUTO_INCREMENT,
  `Name` varchar(30) COLLATE utf8_unicode_ci NOT NULL,
  PRIMARY KEY (`ID`)
) ENGINE=MyISAM AUTO_INCREMENT=6 DEFAULT CHARSET=utf8 COLLATE=utf8_unicode_ci;

-- ----------------------------
-- Records of categories
-- ----------------------------
INSERT INTO `categories` VALUES ('1', 'Phổ thông');
INSERT INTO `categories` VALUES ('2', 'Trung cấp');
INSERT INTO `categories` VALUES ('3', 'Cao cấp');
INSERT INTO `categories` VALUES ('4', 'Gaming');
INSERT INTO `categories` VALUES ('5', 'Workstation');

-- ----------------------------
-- Table structure for `manufacturers`
-- ----------------------------
DROP TABLE IF EXISTS `manufacturers`;
CREATE TABLE `manufacturers` (
  `MaID` int(10) unsigned NOT NULL AUTO_INCREMENT,
  `MaName` varchar(50) COLLATE utf8_unicode_ci NOT NULL,
  PRIMARY KEY (`MaID`)
) ENGINE=MyISAM AUTO_INCREMENT=10 DEFAULT CHARSET=utf8 COLLATE=utf8_unicode_ci;

-- ----------------------------
-- Records of manufacturers
-- ----------------------------
INSERT INTO `manufacturers` VALUES ('1', 'Dell');
INSERT INTO `manufacturers` VALUES ('2', 'Asus');
INSERT INTO `manufacturers` VALUES ('3', 'Toshiba');
INSERT INTO `manufacturers` VALUES ('4', 'Sony');
INSERT INTO `manufacturers` VALUES ('5', 'Levono');
INSERT INTO `manufacturers` VALUES ('6', 'MSI');
INSERT INTO `manufacturers` VALUES ('7', 'IBM');
INSERT INTO `manufacturers` VALUES ('8', 'Vern');
INSERT INTO `manufacturers` VALUES ('9', 'Acer');

-- ----------------------------
-- Table structure for `orderdetails`
-- ----------------------------
DROP TABLE IF EXISTS `orderdetails`;
CREATE TABLE `orderdetails` (
  `OrderID` int(11) NOT NULL,
  `ProductID` int(11) NOT NULL,
  `Amount` int(11) NOT NULL,
  PRIMARY KEY (`OrderID`,`ProductID`)
) ENGINE=MyISAM DEFAULT CHARSET=utf8 COLLATE=utf8_unicode_ci;

-- ----------------------------
-- Records of orderdetails
-- ----------------------------
INSERT INTO `orderdetails` VALUES ('1', '1', '5');
INSERT INTO `orderdetails` VALUES ('1', '2', '3');
INSERT INTO `orderdetails` VALUES ('1', '3', '2');
INSERT INTO `orderdetails` VALUES ('1', '4', '5');
INSERT INTO `orderdetails` VALUES ('1', '14', '3');
INSERT INTO `orderdetails` VALUES ('1', '15', '6');
INSERT INTO `orderdetails` VALUES ('1', '20', '1');
INSERT INTO `orderdetails` VALUES ('1', '12', '2');
INSERT INTO `orderdetails` VALUES ('1', '16', '1');
INSERT INTO `orderdetails` VALUES ('1', '19', '3');
INSERT INTO `orderdetails` VALUES ('7', '10', '1');
INSERT INTO `orderdetails` VALUES ('8', '10', '1');

-- ----------------------------
-- Table structure for `orders`
-- ----------------------------
DROP TABLE IF EXISTS `orders`;
CREATE TABLE `orders` (
  `OrderID` int(10) unsigned NOT NULL AUTO_INCREMENT,
  `OrderDate` datetime NOT NULL,
  `UserID` int(11) NOT NULL,
  `Total` bigint(20) unsigned NOT NULL,
  `Status` int(11) NOT NULL,
  PRIMARY KEY (`OrderID`)
) ENGINE=MyISAM AUTO_INCREMENT=9 DEFAULT CHARSET=utf8 COLLATE=utf8_unicode_ci;

-- ----------------------------
-- Records of orders
-- ----------------------------
INSERT INTO `orders` VALUES ('1', '2015-01-12 00:09:19', '6', '32450000', '1');
INSERT INTO `orders` VALUES ('2', '2015-01-12 22:02:54', '7', '6490000', '0');
INSERT INTO `orders` VALUES ('3', '2015-01-12 22:03:08', '7', '6490000', '0');
INSERT INTO `orders` VALUES ('4', '2015-01-12 22:03:36', '7', '6490000', '0');
INSERT INTO `orders` VALUES ('5', '2015-01-12 22:09:44', '7', '9790000', '1');
INSERT INTO `orders` VALUES ('6', '2015-01-12 22:09:49', '7', '0', '1');
INSERT INTO `orders` VALUES ('7', '2015-01-12 22:12:32', '7', '6490000', '1');
INSERT INTO `orders` VALUES ('8', '2015-01-12 22:24:25', '7', '6490000', '1');

-- ----------------------------
-- Table structure for `products`
-- ----------------------------
DROP TABLE IF EXISTS `products`;
CREATE TABLE `products` (
  `ProductID` int(10) unsigned NOT NULL AUTO_INCREMENT,
  `ProductName` varchar(50) COLLATE utf8_unicode_ci NOT NULL,
  `ShortDes` varchar(100) COLLATE utf8_unicode_ci NOT NULL,
  `LongDes` text COLLATE utf8_unicode_ci NOT NULL,
  `NewPrice` int(11) NOT NULL,
  `OldPrice` int(11) NOT NULL,
  `CatID` int(11) NOT NULL,
  `Quantity` int(11) NOT NULL,
  `View` int(11) DEFAULT NULL,
  `DateAdd` date NOT NULL,
  `Manufacturer` int(11) NOT NULL,
  PRIMARY KEY (`ProductID`)
) ENGINE=MyISAM AUTO_INCREMENT=47 DEFAULT CHARSET=utf8 COLLATE=utf8_unicode_ci;

-- ----------------------------
-- Records of products
-- ----------------------------
INSERT INTO `products` VALUES ('1', 'Acer ES1 - 511 - C6UQ (002)', 'Acer Aspire ES1, thế hệ tiếp theo của dòng E được trang bị hệ điều hành Windows 8.1 with Bing', '<p><strong style=\"color: #90c843\">T&iacute;nh năng nổi bật:</strong></br> <strong><span style=\"color:#ff0000\">Laptop Asus K555LD-XX363D (I5-4210U) (Đen)</span></strong><br />\r\n- Intel&nbsp;<strong>Core i5-4210U</strong>&nbsp;1.7GHz - 3M<br />\r\n- DDRAM 4GB/1600 Onboard (C&ograve;n 1 Slot)<br />\r\n- HDD 500GB SATA 5400rpm<br />\r\n<strong>- NVIDIA GF 820M 2GB // &nbsp;Intel HD 4400</strong><br />\r\n- DVD-RW<br />\r\n- Card Reader - USB 3.0<br />\r\n- 15.6&quot; HD LED - HDMI - Webcam<br />\r\n- LAN 10/100/1000 - Wireless N - Bluetooth<br />\r\n- Weight 2.3Kg - Battery 37WHrs<br />\r\n- OS Option<br />\r\n<strong>- Bảo h&agrave;nh 2 năm</strong></p>\r\n\r\n\r\n', '6490000', '6490000', '1', '9', '10', '2014-12-15', '9');
INSERT INTO `products` VALUES ('2', 'Acer E3-112-P08R (002) (Bạc)', 'Intel Pentium N3540 4x2.16Ghz - 2M', '<p><strong style=\"color: #90c843\">T&iacute;nh năng nổi bật:</strong></br> <strong><span style=\"color:#ff0000\">Laptop Asus K555LD-XX363D (I5-4210U) (Đen)</span></strong><br />\r\n- Intel&nbsp;<strong>Core i5-4210U</strong>&nbsp;1.7GHz - 3M<br />\r\n- DDRAM 4GB/1600 Onboard (C&ograve;n 1 Slot)<br />\r\n- HDD 500GB SATA 5400rpm<br />\r\n<strong>- NVIDIA GF 820M 2GB // &nbsp;Intel HD 4400</strong><br />\r\n- DVD-RW<br />\r\n- Card Reader - USB 3.0<br />\r\n- 15.6&quot; HD LED - HDMI - Webcam<br />\r\n- LAN 10/100/1000 - Wireless N - Bluetooth<br />\r\n- Weight 2.3Kg - Battery 37WHrs<br />\r\n- OS Option<br />\r\n<strong>- Bảo h&agrave;nh 2 năm</strong></p>\r\n\r\n', '7690000', '7690000', '1', '5', '9', '2014-12-19', '9');
INSERT INTO `products` VALUES ('3', 'Asus X453MA-WX058D (Celeron N2830) (Đen)', 'Intel Celeron N2830 2.16GHz - 1M', '<p><strong style=\"color: #90c843\">T&iacute;nh năng nổi bật:</strong></br> <strong><span style=\"color:#ff0000\">Laptop Asus K555LD-XX363D (I5-4210U) (Đen)</span></strong><br />\r\n- Intel&nbsp;<strong>Core i5-4210U</strong>&nbsp;1.7GHz - 3M<br />\r\n- DDRAM 4GB/1600 Onboard (C&ograve;n 1 Slot)<br />\r\n- HDD 500GB SATA 5400rpm<br />\r\n<strong>- NVIDIA GF 820M 2GB // &nbsp;Intel HD 4400</strong><br />\r\n- DVD-RW<br />\r\n- Card Reader - USB 3.0<br />\r\n- 15.6&quot; HD LED - HDMI - Webcam<br />\r\n- LAN 10/100/1000 - Wireless N - Bluetooth<br />\r\n- Weight 2.3Kg - Battery 37WHrs<br />\r\n- OS Option<br />\r\n<strong>- Bảo h&agrave;nh 2 năm</strong></p>\r\n\r\n', '5990000', '5900000', '1', '10', '1', '2015-01-03', '2');
INSERT INTO `products` VALUES ('4', 'Asus K555LD-XX363D (I5-4210U) (Đen)', 'Intel Core i5-4210U 1.7GHz - 3M', '<p><strong style=\"color: #90c843\">T&iacute;nh năng nổi bật:</strong></br> <strong><span style=\"color:#ff0000\">Laptop Asus K555LD-XX363D (I5-4210U) (Đen)</span></strong><br />\r\n- Intel&nbsp;<strong>Core i5-4210U</strong>&nbsp;1.7GHz - 3M<br />\r\n- DDRAM 4GB/1600 Onboard (C&ograve;n 1 Slot)<br />\r\n- HDD 500GB SATA 5400rpm<br />\r\n<strong>- NVIDIA GF 820M 2GB // &nbsp;Intel HD 4400</strong><br />\r\n- DVD-RW<br />\r\n- Card Reader - USB 3.0<br />\r\n- 15.6&quot; HD LED - HDMI - Webcam<br />\r\n- LAN 10/100/1000 - Wireless N - Bluetooth<br />\r\n- Weight 2.3Kg - Battery 37WHrs<br />\r\n- OS Option<br />\r\n<strong>- Bảo h&agrave;nh 2 năm</strong></p>\r\n\r\n', '13490000', '13000000', '2', '5', '2', '2015-01-03', '2');
INSERT INTO `products` VALUES ('5', 'Asus G750JM-T4069D (Xanh đen)', ' Intel Core i7-4700HQ 2.4Ghz - 6M', '<p><strong style=\"color: #90c843\">T&iacute;nh năng nổi bật:</strong></br> <strong><span style=\"color:#ff0000\">Laptop Asus K555LD-XX363D (I5-4210U) (Đen)</span></strong><br />\r\n- Intel&nbsp;<strong>Core i5-4210U</strong>&nbsp;1.7GHz - 3M<br />\r\n- DDRAM 4GB/1600 Onboard (C&ograve;n 1 Slot)<br />\r\n- HDD 500GB SATA 5400rpm<br />\r\n<strong>- NVIDIA GF 820M 2GB // &nbsp;Intel HD 4400</strong><br />\r\n- DVD-RW<br />\r\n- Card Reader - USB 3.0<br />\r\n- 15.6&quot; HD LED - HDMI - Webcam<br />\r\n- LAN 10/100/1000 - Wireless N - Bluetooth<br />\r\n- Weight 2.3Kg - Battery 37WHrs<br />\r\n- OS Option<br />\r\n<strong>- Bảo h&agrave;nh 2 năm</strong></p>\r\n\r\n', '31990000', '31000000', '3', '10', '0', '2015-01-03', '2');
INSERT INTO `products` VALUES ('10', 'Acer E3-112-C52T (001) (Bạc)', 'Intel Celeron N2840 2.16Ghz - 1M', '<p><strong style=\"color: #90c843\">T&iacute;nh năng nổi bật:</strong></br> <strong><span style=\"color:#ff0000\">Laptop Asus K555LD-XX363D (I5-4210U) (Đen)</span></strong><br />\r\n- Intel&nbsp;<strong>Core i5-4210U</strong>&nbsp;1.7GHz - 3M<br />\r\n- DDRAM 4GB/1600 Onboard (C&ograve;n 1 Slot)<br />\r\n- HDD 500GB SATA 5400rpm<br />\r\n<strong>- NVIDIA GF 820M 2GB // &nbsp;Intel HD 4400</strong><br />\r\n- DVD-RW<br />\r\n- Card Reader - USB 3.0<br />\r\n- 15.6&quot; HD LED - HDMI - Webcam<br />\r\n- LAN 10/100/1000 - Wireless N - Bluetooth<br />\r\n- Weight 2.3Kg - Battery 37WHrs<br />\r\n- OS Option<br />\r\n<strong>- Bảo h&agrave;nh 2 năm</strong></p>\r\n\r\n\r\n', '6490000', '6000000', '1', '9', '6', '2015-02-03', '9');
INSERT INTO `products` VALUES ('11', 'Laptop NB Dell 3542 (N3542B) (Đen)', ' Intel Core i3-4005U 1.7GHz - 3M', '<p><strong style=\"color: #90c843\">T&iacute;nh năng nổi bật:</strong></br> <strong><span style=\"color:#ff0000\">Laptop Asus K555LD-XX363D (I5-4210U) (Đen)</span></strong><br />\r\n- Intel&nbsp;<strong>Core i5-4210U</strong>&nbsp;1.7GHz - 3M<br />\r\n- DDRAM 4GB/1600 Onboard (C&ograve;n 1 Slot)<br />\r\n- HDD 500GB SATA 5400rpm<br />\r\n<strong>- NVIDIA GF 820M 2GB // &nbsp;Intel HD 4400</strong><br />\r\n- DVD-RW<br />\r\n- Card Reader - USB 3.0<br />\r\n- 15.6&quot; HD LED - HDMI - Webcam<br />\r\n- LAN 10/100/1000 - Wireless N - Bluetooth<br />\r\n- Weight 2.3Kg - Battery 37WHrs<br />\r\n- OS Option<br />\r\n<strong>- Bảo h&agrave;nh 2 năm</strong></p>\r\n\r\n', '9890000', '9000000', '1', '5', '0', '2015-01-03', '1');
INSERT INTO `products` VALUES ('12', 'Dell 5442-N5442B ( Màu Đen) ', 'Intel Core i5-4210U 1.7GHz - 3M', '<p><strong style=\"color: #90c843\">T&iacute;nh năng nổi bật:</strong></br> <strong><span style=\"color:#ff0000\">Laptop Asus K555LD-XX363D (I5-4210U) (Đen)</span></strong><br />\r\n- Intel&nbsp;<strong>Core i5-4210U</strong>&nbsp;1.7GHz - 3M<br />\r\n- DDRAM 4GB/1600 Onboard (C&ograve;n 1 Slot)<br />\r\n- HDD 500GB SATA 5400rpm<br />\r\n<strong>- NVIDIA GF 820M 2GB // &nbsp;Intel HD 4400</strong><br />\r\n- DVD-RW<br />\r\n- Card Reader - USB 3.0<br />\r\n- 15.6&quot; HD LED - HDMI - Webcam<br />\r\n- LAN 10/100/1000 - Wireless N - Bluetooth<br />\r\n- Weight 2.3Kg - Battery 37WHrs<br />\r\n- OS Option<br />\r\n<strong>- Bảo h&agrave;nh 2 năm</strong></p>\r\n\r\n', '14470000', '14000000', '2', '5', '0', '2015-01-03', '1');
INSERT INTO `products` VALUES ('13', 'NB Dell 3542 (N3542A) (Đen) ', 'Intel Core i3-4005U 1.7GHz - 3M', '<p><strong style=\"color: #90c843\">T&iacute;nh năng nổi bật:</strong></br> <strong><span style=\"color:#ff0000\">Laptop Asus K555LD-XX363D (I5-4210U) (Đen)</span></strong><br />\r\n- Intel&nbsp;<strong>Core i5-4210U</strong>&nbsp;1.7GHz - 3M<br />\r\n- DDRAM 4GB/1600 Onboard (C&ograve;n 1 Slot)<br />\r\n- HDD 500GB SATA 5400rpm<br />\r\n<strong>- NVIDIA GF 820M 2GB // &nbsp;Intel HD 4400</strong><br />\r\n- DVD-RW<br />\r\n- Card Reader - USB 3.0<br />\r\n- 15.6&quot; HD LED - HDMI - Webcam<br />\r\n- LAN 10/100/1000 - Wireless N - Bluetooth<br />\r\n- Weight 2.3Kg - Battery 37WHrs<br />\r\n- OS Option<br />\r\n<strong>- Bảo h&agrave;nh 2 năm</strong></p>\r\n\r\n', '10040000', '10000000', '4', '10', '0', '2015-01-03', '1');
INSERT INTO `products` VALUES ('14', 'Laptop Dell 3542-DND6X9 (Đen) ', 'Intel Core i5-4210U 1.7GHz - 3M', '<p><strong style=\"color: #90c843\">T&iacute;nh năng nổi bật:</strong></br> <strong><span style=\"color:#ff0000\">Laptop Asus K555LD-XX363D (I5-4210U) (Đen)</span></strong><br />\r\n- Intel&nbsp;<strong>Core i5-4210U</strong>&nbsp;1.7GHz - 3M<br />\r\n- DDRAM 4GB/1600 Onboard (C&ograve;n 1 Slot)<br />\r\n- HDD 500GB SATA 5400rpm<br />\r\n<strong>- NVIDIA GF 820M 2GB // &nbsp;Intel HD 4400</strong><br />\r\n- DVD-RW<br />\r\n- Card Reader - USB 3.0<br />\r\n- 15.6&quot; HD LED - HDMI - Webcam<br />\r\n- LAN 10/100/1000 - Wireless N - Bluetooth<br />\r\n- Weight 2.3Kg - Battery 37WHrs<br />\r\n- OS Option<br />\r\n<strong>- Bảo h&agrave;nh 2 năm</strong></p>\r\n\r\n', '13890000', '13000000', '4', '10', '0', '2015-01-03', '1');
INSERT INTO `products` VALUES ('15', 'NB Dell 5547 (N5547A) (Bạc) ', 'Intel Core i7-4510U 2.0GHz - 4M', '<p><strong style=\"color: #90c843\">T&iacute;nh năng nổi bật:</strong></br> <strong><span style=\"color:#ff0000\">Laptop Asus K555LD-XX363D (I5-4210U) (Đen)</span></strong><br />\r\n- Intel&nbsp;<strong>Core i5-4210U</strong>&nbsp;1.7GHz - 3M<br />\r\n- DDRAM 4GB/1600 Onboard (C&ograve;n 1 Slot)<br />\r\n- HDD 500GB SATA 5400rpm<br />\r\n<strong>- NVIDIA GF 820M 2GB // &nbsp;Intel HD 4400</strong><br />\r\n- DVD-RW<br />\r\n- Card Reader - USB 3.0<br />\r\n- 15.6&quot; HD LED - HDMI - Webcam<br />\r\n- LAN 10/100/1000 - Wireless N - Bluetooth<br />\r\n- Weight 2.3Kg - Battery 37WHrs<br />\r\n- OS Option<br />\r\n<strong>- Bảo h&agrave;nh 2 năm</strong></p>\r\n\r\n', '18800000', '18000000', '3', '10', '0', '2015-01-03', '1');
INSERT INTO `products` VALUES ('17', 'Laptop Toshiba C50 - B206E ', ' Intel Celeron N2830 2.16GHz - 1M', '<p><strong style=\"color: #90c843\">T&iacute;nh năng nổi bật:</strong></br> <strong><span style=\"color:#ff0000\">Laptop Asus K555LD-XX363D (I5-4210U) (Đen)</span></strong><br />\r\n- Intel&nbsp;<strong>Core i5-4210U</strong>&nbsp;1.7GHz - 3M<br />\r\n- DDRAM 4GB/1600 Onboard (C&ograve;n 1 Slot)<br />\r\n- HDD 500GB SATA 5400rpm<br />\r\n<strong>- NVIDIA GF 820M 2GB // &nbsp;Intel HD 4400</strong><br />\r\n- DVD-RW<br />\r\n- Card Reader - USB 3.0<br />\r\n- 15.6&quot; HD LED - HDMI - Webcam<br />\r\n- LAN 10/100/1000 - Wireless N - Bluetooth<br />\r\n- Weight 2.3Kg - Battery 37WHrs<br />\r\n- OS Option<br />\r\n<strong>- Bảo h&agrave;nh 2 năm</strong></p>\r\n\r\n', '6790000', '6000000', '1', '10', '0', '2015-01-03', '3');
INSERT INTO `products` VALUES ('18', 'Laptop NB Toshiba C50-B202E      ', 'Intel Core i3-3217U 1.8GHz - 3M', '<p><strong style=\"color: #90c843\">T&iacute;nh năng nổi bật:</strong></br> <strong><span style=\"color:#ff0000\">Laptop Asus K555LD-XX363D (I5-4210U) (Đen)</span></strong><br />\r\n- Intel&nbsp;<strong>Core i5-4210U</strong>&nbsp;1.7GHz - 3M<br />\r\n- DDRAM 4GB/1600 Onboard (C&ograve;n 1 Slot)<br />\r\n- HDD 500GB SATA 5400rpm<br />\r\n<strong>- NVIDIA GF 820M 2GB // &nbsp;Intel HD 4400</strong><br />\r\n- DVD-RW<br />\r\n- Card Reader - USB 3.0<br />\r\n- 15.6&quot; HD LED - HDMI - Webcam<br />\r\n- LAN 10/100/1000 - Wireless N - Bluetooth<br />\r\n- Weight 2.3Kg - Battery 37WHrs<br />\r\n- OS Option<br />\r\n<strong>- Bảo h&agrave;nh 2 năm</strong></p>\r\n\r\n', '9790000', '9000000', '1', '10', '7', '2015-01-03', '3');
INSERT INTO `products` VALUES ('19', 'NB Toshiba C40 - A138 Đen   ', ' Intel Core i3-3110M 2.4GHz - 3M', '<p><strong style=\"color: #90c843\">T&iacute;nh năng nổi bật:</strong></br> <strong><span style=\"color:#ff0000\">Laptop Asus K555LD-XX363D (I5-4210U) (Đen)</span></strong><br />\r\n- Intel&nbsp;<strong>Core i5-4210U</strong>&nbsp;1.7GHz - 3M<br />\r\n- DDRAM 4GB/1600 Onboard (C&ograve;n 1 Slot)<br />\r\n- HDD 500GB SATA 5400rpm<br />\r\n<strong>- NVIDIA GF 820M 2GB // &nbsp;Intel HD 4400</strong><br />\r\n- DVD-RW<br />\r\n- Card Reader - USB 3.0<br />\r\n- 15.6&quot; HD LED - HDMI - Webcam<br />\r\n- LAN 10/100/1000 - Wireless N - Bluetooth<br />\r\n- Weight 2.3Kg - Battery 37WHrs<br />\r\n- OS Option<br />\r\n<strong>- Bảo h&agrave;nh 2 năm</strong></p>\r\n\r\n', '11290000', '11000000', '4', '10', '0', '2015-01-03', '3');
INSERT INTO `products` VALUES ('20', 'NB Toshiba L50 - B203BX (Đen) ', 'Intel Core i5-4200U 1.6GHz - 3M', '<p><strong style=\"color: #90c843\">T&iacute;nh năng nổi bật:</strong></br> <strong><span style=\"color:#ff0000\">Laptop Asus K555LD-XX363D (I5-4210U) (Đen)</span></strong><br />\r\n- Intel&nbsp;<strong>Core i5-4210U</strong>&nbsp;1.7GHz - 3M<br />\r\n- DDRAM 4GB/1600 Onboard (C&ograve;n 1 Slot)<br />\r\n- HDD 500GB SATA 5400rpm<br />\r\n<strong>- NVIDIA GF 820M 2GB // &nbsp;Intel HD 4400</strong><br />\r\n- DVD-RW<br />\r\n- Card Reader - USB 3.0<br />\r\n- 15.6&quot; HD LED - HDMI - Webcam<br />\r\n- LAN 10/100/1000 - Wireless N - Bluetooth<br />\r\n- Weight 2.3Kg - Battery 37WHrs<br />\r\n- OS Option<br />\r\n<strong>- Bảo h&agrave;nh 2 năm</strong></p>\r\n\r\n', '15590000', '15000000', '4', '10', '0', '2015-01-03', '3');
INSERT INTO `products` VALUES ('21', 'Laptop Lenovo S2030-6833 (Đen) ', 'Intel Celeron N2830 2.16GHz', '<p><strong style=\"color: #90c843\">T&iacute;nh năng nổi bật:</strong></br> <strong><span style=\"color:#ff0000\">Laptop Asus K555LD-XX363D (I5-4210U) (Đen)</span></strong><br />\r\n- Intel&nbsp;<strong>Core i5-4210U</strong>&nbsp;1.7GHz - 3M<br />\r\n- DDRAM 4GB/1600 Onboard (C&ograve;n 1 Slot)<br />\r\n- HDD 500GB SATA 5400rpm<br />\r\n<strong>- NVIDIA GF 820M 2GB // &nbsp;Intel HD 4400</strong><br />\r\n- DVD-RW<br />\r\n- Card Reader - USB 3.0<br />\r\n- 15.6&quot; HD LED - HDMI - Webcam<br />\r\n- LAN 10/100/1000 - Wireless N - Bluetooth<br />\r\n- Weight 2.3Kg - Battery 37WHrs<br />\r\n- OS Option<br />\r\n<strong>- Bảo h&agrave;nh 2 năm</strong></p>\r\n\r\n', '6490000', '6000000', '5', '10', '2', '2015-01-03', '5');
INSERT INTO `products` VALUES ('22', ' Lenovo Z5070-8529 (Trắng) ', 'Intel Core i5-4210U 1.7GHz - 3M', '<p><strong style=\"color: #90c843\">T&iacute;nh năng nổi bật:</strong></br> <strong><span style=\"color:#ff0000\">Laptop Asus K555LD-XX363D (I5-4210U) (Đen)</span></strong><br />\r\n- Intel&nbsp;<strong>Core i5-4210U</strong>&nbsp;1.7GHz - 3M<br />\r\n- DDRAM 4GB/1600 Onboard (C&ograve;n 1 Slot)<br />\r\n- HDD 500GB SATA 5400rpm<br />\r\n<strong>- NVIDIA GF 820M 2GB // &nbsp;Intel HD 4400</strong><br />\r\n- DVD-RW<br />\r\n- Card Reader - USB 3.0<br />\r\n- 15.6&quot; HD LED - HDMI - Webcam<br />\r\n- LAN 10/100/1000 - Wireless N - Bluetooth<br />\r\n- Weight 2.3Kg - Battery 37WHrs<br />\r\n- OS Option<br />\r\n<strong>- Bảo h&agrave;nh 2 năm</strong></p>\r\n\r\n', '14190000', '14000000', '2', '10', '17', '2015-01-03', '5');
INSERT INTO `products` VALUES ('23', 'Laptop Lenovo Z5070-5581 (Bạc) ', 'Intel Core i7-4510U 2.0GHz - 4M', '<p><strong style=\"color: #90c843\">T&iacute;nh năng nổi bật:</strong></br> <strong><span style=\"color:#ff0000\">Laptop Asus K555LD-XX363D (I5-4210U) (Đen)</span></strong><br />\r\n- Intel&nbsp;<strong>Core i5-4210U</strong>&nbsp;1.7GHz - 3M<br />\r\n- DDRAM 4GB/1600 Onboard (C&ograve;n 1 Slot)<br />\r\n- HDD 500GB SATA 5400rpm<br />\r\n<strong>- NVIDIA GF 820M 2GB // &nbsp;Intel HD 4400</strong><br />\r\n- DVD-RW<br />\r\n- Card Reader - USB 3.0<br />\r\n- 15.6&quot; HD LED - HDMI - Webcam<br />\r\n- LAN 10/100/1000 - Wireless N - Bluetooth<br />\r\n- Weight 2.3Kg - Battery 37WHrs<br />\r\n- OS Option<br />\r\n<strong>- Bảo h&agrave;nh 2 năm</strong></p>\r\n\r\n', '17790000', '17000000', '2', '10', '0', '2015-01-03', '3');
INSERT INTO `products` VALUES ('24', 'Lenovo Y7070-80DU0024VN (Đen) ', 'Intel Core i7-4710HQ 2.5GHz - 6M', '<p><strong style=\"color: #90c843\">T&iacute;nh năng nổi bật:</strong></br> <strong><span style=\"color:#ff0000\">Laptop Asus K555LD-XX363D (I5-4210U) (Đen)</span></strong><br />\r\n- Intel&nbsp;<strong>Core i5-4210U</strong>&nbsp;1.7GHz - 3M<br />\r\n- DDRAM 4GB/1600 Onboard (C&ograve;n 1 Slot)<br />\r\n- HDD 500GB SATA 5400rpm<br />\r\n<strong>- NVIDIA GF 820M 2GB // &nbsp;Intel HD 4400</strong><br />\r\n- DVD-RW<br />\r\n- Card Reader - USB 3.0<br />\r\n- 15.6&quot; HD LED - HDMI - Webcam<br />\r\n- LAN 10/100/1000 - Wireless N - Bluetooth<br />\r\n- Weight 2.3Kg - Battery 37WHrs<br />\r\n- OS Option<br />\r\n<strong>- Bảo h&agrave;nh 2 năm</strong></p>\r\n\r\n', '34490000', '34000000', '3', '5', '0', '2015-01-03', '3');
INSERT INTO `products` VALUES ('25', 'Acer E5-471-38JU (002) (Trắng) ', 'Intel Core i3-4005U 1.7GHz - 3M', '<p><strong style=\"color: #90c843\">T&iacute;nh năng nổi bật:</strong></br> <strong><span style=\"color:#ff0000\">Laptop Asus K555LD-XX363D (I5-4210U) (Đen)</span></strong><br />\r\n- Intel&nbsp;<strong>Core i5-4210U</strong>&nbsp;1.7GHz - 3M<br />\r\n- DDRAM 4GB/1600 Onboard (C&ograve;n 1 Slot)<br />\r\n- HDD 500GB SATA 5400rpm<br />\r\n<strong>- NVIDIA GF 820M 2GB // &nbsp;Intel HD 4400</strong><br />\r\n- DVD-RW<br />\r\n- Card Reader - USB 3.0<br />\r\n- 15.6&quot; HD LED - HDMI - Webcam<br />\r\n- LAN 10/100/1000 - Wireless N - Bluetooth<br />\r\n- Weight 2.3Kg - Battery 37WHrs<br />\r\n- OS Option<br />\r\n<strong>- Bảo h&agrave;nh 2 năm</strong></p>\r\n\r\n', '8790000', '8700000', '1', '10', '0', '2015-01-03', '9');
INSERT INTO `products` VALUES ('26', 'Acer P3 - 171 - 5333Y2G12aS (004) ', 'Intel Core i5-3339Y 1.5GHz - 3M', '<p><strong style=\"color: #90c843\">T&iacute;nh năng nổi bật:</strong></br> <strong><span style=\"color:#ff0000\">Laptop Asus K555LD-XX363D (I5-4210U) (Đen)</span></strong><br />\r\n- Intel&nbsp;<strong>Core i5-4210U</strong>&nbsp;1.7GHz - 3M<br />\r\n- DDRAM 4GB/1600 Onboard (C&ograve;n 1 Slot)<br />\r\n- HDD 500GB SATA 5400rpm<br />\r\n<strong>- NVIDIA GF 820M 2GB // &nbsp;Intel HD 4400</strong><br />\r\n- DVD-RW<br />\r\n- Card Reader - USB 3.0<br />\r\n- 15.6&quot; HD LED - HDMI - Webcam<br />\r\n- LAN 10/100/1000 - Wireless N - Bluetooth<br />\r\n- Weight 2.3Kg - Battery 37WHrs<br />\r\n- OS Option<br />\r\n<strong>- Bảo h&agrave;nh 2 năm</strong></p>\r\n\r\n', '15990000', '15000000', '2', '5', '0', '2015-01-03', '9');
INSERT INTO `products` VALUES ('27', 'Asus X453MA-WX258D (Trắng) ', 'Intel Pentium N3540 2.16GHz - 2M', '<p><strong style=\"color: #90c843\">T&iacute;nh năng nổi bật:</strong></br> <strong><span style=\"color:#ff0000\">Laptop Asus K555LD-XX363D (I5-4210U) (Đen)</span></strong><br />\r\n- Intel&nbsp;<strong>Core i5-4210U</strong>&nbsp;1.7GHz - 3M<br />\r\n- DDRAM 4GB/1600 Onboard (C&ograve;n 1 Slot)<br />\r\n- HDD 500GB SATA 5400rpm<br />\r\n<strong>- NVIDIA GF 820M 2GB // &nbsp;Intel HD 4400</strong><br />\r\n- DVD-RW<br />\r\n- Card Reader - USB 3.0<br />\r\n- 15.6&quot; HD LED - HDMI - Webcam<br />\r\n- LAN 10/100/1000 - Wireless N - Bluetooth<br />\r\n- Weight 2.3Kg - Battery 37WHrs<br />\r\n- OS Option<br />\r\n<strong>- Bảo h&agrave;nh 2 năm</strong></p>\r\n\r\n', '7190000', '7000000', '1', '5', '0', '2015-01-03', '2');
INSERT INTO `products` VALUES ('28', 'NB Asus P550LDV- XO516D (I5 - 4210U)', ' Intel Core i5-4210U 1.7GHz - 3M', '<p><strong style=\"color: #90c843\">T&iacute;nh năng nổi bật:</strong></br> <strong><span style=\"color:#ff0000\">Laptop Asus K555LD-XX363D (I5-4210U) (Đen)</span></strong><br />\r\n- Intel&nbsp;<strong>Core i5-4210U</strong>&nbsp;1.7GHz - 3M<br />\r\n- DDRAM 4GB/1600 Onboard (C&ograve;n 1 Slot)<br />\r\n- HDD 500GB SATA 5400rpm<br />\r\n<strong>- NVIDIA GF 820M 2GB // &nbsp;Intel HD 4400</strong><br />\r\n- DVD-RW<br />\r\n- Card Reader - USB 3.0<br />\r\n- 15.6&quot; HD LED - HDMI - Webcam<br />\r\n- LAN 10/100/1000 - Wireless N - Bluetooth<br />\r\n- Weight 2.3Kg - Battery 37WHrs<br />\r\n- OS Option<br />\r\n<strong>- Bảo h&agrave;nh 2 năm</strong></p>\r\n\r\n', '13090000', '13000000', '2', '5', '1', '2015-01-03', '2');
INSERT INTO `products` VALUES ('29', 'NB Asus P550LN - XO204D (I7 - 4500U)', 'Intel Core i7-4500U 1.8GHz - 4M', '<p><strong style=\"color: #90c843\">T&iacute;nh năng nổi bật:</strong></br> <strong><span style=\"color:#ff0000\">Laptop Asus K555LD-XX363D (I5-4210U) (Đen)</span></strong><br />\r\n- Intel&nbsp;<strong>Core i5-4210U</strong>&nbsp;1.7GHz - 3M<br />\r\n- DDRAM 4GB/1600 Onboard (C&ograve;n 1 Slot)<br />\r\n- HDD 500GB SATA 5400rpm<br />\r\n<strong>- NVIDIA GF 820M 2GB // &nbsp;Intel HD 4400</strong><br />\r\n- DVD-RW<br />\r\n- Card Reader - USB 3.0<br />\r\n- 15.6&quot; HD LED - HDMI - Webcam<br />\r\n- LAN 10/100/1000 - Wireless N - Bluetooth<br />\r\n- Weight 2.3Kg - Battery 37WHrs<br />\r\n- OS Option<br />\r\n<strong>- Bảo h&agrave;nh 2 năm</strong></p>\r\n\r\n', '16340000', '16000000', '2', '5', '0', '2015-01-03', '2');
INSERT INTO `products` VALUES ('30', 'SONY VAIO SVF1421QSGB - BLACK', ' Intel Core i5-4200U 1.6GHz ', '<p><strong style=\"color: #90c843\">T&iacute;nh năng nổi bật:</strong></br> <strong><span style=\"color:#ff0000\">Laptop Asus K555LD-XX363D (I5-4210U) (Đen)</span></strong><br />\r\n- Intel&nbsp;<strong>Core i5-4210U</strong>&nbsp;1.7GHz - 3M<br />\r\n- DDRAM 4GB/1600 Onboard (C&ograve;n 1 Slot)<br />\r\n- HDD 500GB SATA 5400rpm<br />\r\n<strong>- NVIDIA GF 820M 2GB // &nbsp;Intel HD 4400</strong><br />\r\n- DVD-RW<br />\r\n- Card Reader - USB 3.0<br />\r\n- 15.6&quot; HD LED - HDMI - Webcam<br />\r\n- LAN 10/100/1000 - Wireless N - Bluetooth<br />\r\n- Weight 2.3Kg - Battery 37WHrs<br />\r\n- OS Option<br />\r\n<strong>- Bảo h&agrave;nh 2 năm</strong></p>\r\n\r\n', '23990000', '23000000', '5', '5', '3', '2015-01-03', '4');
INSERT INTO `products` VALUES ('31', 'NB Dell 7737 MNWWF3 (I7-4510U) Bạc ', 'Intel Core i7-4510U 2.0GHz - 3M', '<p><strong style=\"color: #90c843\">T&iacute;nh năng nổi bật:</strong></br> <strong><span style=\"color:#ff0000\">Laptop Asus K555LD-XX363D (I5-4210U) (Đen)</span></strong><br />\r\n- Intel&nbsp;<strong>Core i5-4210U</strong>&nbsp;1.7GHz - 3M<br />\r\n- DDRAM 4GB/1600 Onboard (C&ograve;n 1 Slot)<br />\r\n- HDD 500GB SATA 5400rpm<br />\r\n<strong>- NVIDIA GF 820M 2GB // &nbsp;Intel HD 4400</strong><br />\r\n- DVD-RW<br />\r\n- Card Reader - USB 3.0<br />\r\n- 15.6&quot; HD LED - HDMI - Webcam<br />\r\n- LAN 10/100/1000 - Wireless N - Bluetooth<br />\r\n- Weight 2.3Kg - Battery 37WHrs<br />\r\n- OS Option<br />\r\n<strong>- Bảo h&agrave;nh 2 năm</strong></p>\r\n\r\n', '34890000', '34000000', '3', '5', '1', '2015-01-03', '1');
INSERT INTO `products` VALUES ('32', 'Dell 7737 MNWWF4 (I5-4210U) (Bạc) ', 'Intel Core i5-4210U 1.7GHz - 3M', '<p><strong style=\"color: #90c843\">T&iacute;nh năng nổi bật:</strong></br> <strong><span style=\"color:#ff0000\">Laptop Asus K555LD-XX363D (I5-4210U) (Đen)</span></strong><br />\r\n- Intel&nbsp;<strong>Core i5-4210U</strong>&nbsp;1.7GHz - 3M<br />\r\n- DDRAM 4GB/1600 Onboard (C&ograve;n 1 Slot)<br />\r\n- HDD 500GB SATA 5400rpm<br />\r\n<strong>- NVIDIA GF 820M 2GB // &nbsp;Intel HD 4400</strong><br />\r\n- DVD-RW<br />\r\n- Card Reader - USB 3.0<br />\r\n- 15.6&quot; HD LED - HDMI - Webcam<br />\r\n- LAN 10/100/1000 - Wireless N - Bluetooth<br />\r\n- Weight 2.3Kg - Battery 37WHrs<br />\r\n- OS Option<br />\r\n<strong>- Bảo h&agrave;nh 2 năm</strong></p>\r\n\r\n', '28990000', '28000000', '5', '5', '0', '2015-01-03', '1');
INSERT INTO `products` VALUES ('33', 'Laptop Dell 7447-MJWKV1 (Đen) ', 'Intel Core i7-4710HQ 2.5GHz - 6M', '<p><strong style=\"color: #90c843\">T&iacute;nh năng nổi bật:</strong></br> <strong><span style=\"color:#ff0000\">Laptop Asus K555LD-XX363D (I5-4210U) (Đen)</span></strong><br />\r\n- Intel&nbsp;<strong>Core i5-4210U</strong>&nbsp;1.7GHz - 3M<br />\r\n- DDRAM 4GB/1600 Onboard (C&ograve;n 1 Slot)<br />\r\n- HDD 500GB SATA 5400rpm<br />\r\n<strong>- NVIDIA GF 820M 2GB // &nbsp;Intel HD 4400</strong><br />\r\n- DVD-RW<br />\r\n- Card Reader - USB 3.0<br />\r\n- 15.6&quot; HD LED - HDMI - Webcam<br />\r\n- LAN 10/100/1000 - Wireless N - Bluetooth<br />\r\n- Weight 2.3Kg - Battery 37WHrs<br />\r\n- OS Option<br />\r\n<strong>- Bảo h&agrave;nh 2 năm</strong></p>\r\n\r\n', '24890000', '24000000', '3', '5', '0', '2015-01-03', '1');
INSERT INTO `products` VALUES ('34', 'Dell 5447 (F5447-70044442) (Bạc) ', ' Intel Core i7-4510U 2.0GHz - 4M', '<p><strong style=\"color: #90c843\">T&iacute;nh năng nổi bật:</strong></br> <strong><span style=\"color:#ff0000\">Laptop Asus K555LD-XX363D (I5-4210U) (Đen)</span></strong><br />\r\n- Intel&nbsp;<strong>Core i5-4210U</strong>&nbsp;1.7GHz - 3M<br />\r\n- DDRAM 4GB/1600 Onboard (C&ograve;n 1 Slot)<br />\r\n- HDD 500GB SATA 5400rpm<br />\r\n<strong>- NVIDIA GF 820M 2GB // &nbsp;Intel HD 4400</strong><br />\r\n- DVD-RW<br />\r\n- Card Reader - USB 3.0<br />\r\n- 15.6&quot; HD LED - HDMI - Webcam<br />\r\n- LAN 10/100/1000 - Wireless N - Bluetooth<br />\r\n- Weight 2.3Kg - Battery 37WHrs<br />\r\n- OS Option<br />\r\n<strong>- Bảo h&agrave;nh 2 năm</strong></p>\r\n\r\n', '18790000', '18000000', '3', '5', '0', '2015-01-03', '1');
INSERT INTO `products` VALUES ('35', 'Laptop Sony SVF1421PSGB ', 'Pentium® Processor 2117U (2 * 1.80GHz, 2Mb Cache)', '<p><strong style=\"color: #90c843\">T&iacute;nh năng nổi bật:</strong></br> <strong><span style=\"color:#ff0000\">Laptop Asus K555LD-XX363D (I5-4210U) (Đen)</span></strong><br />\r\n- Intel&nbsp;<strong>Core i5-4210U</strong>&nbsp;1.7GHz - 3M<br />\r\n- DDRAM 4GB/1600 Onboard (C&ograve;n 1 Slot)<br />\r\n- HDD 500GB SATA 5400rpm<br />\r\n<strong>- NVIDIA GF 820M 2GB // &nbsp;Intel HD 4400</strong><br />\r\n- DVD-RW<br />\r\n- Card Reader - USB 3.0<br />\r\n- 15.6&quot; HD LED - HDMI - Webcam<br />\r\n- LAN 10/100/1000 - Wireless N - Bluetooth<br />\r\n- Weight 2.3Kg - Battery 37WHrs<br />\r\n- OS Option<br />\r\n<strong>- Bảo h&agrave;nh 2 năm</strong></p>\r\n\r\n', '9990000', '9000000', '1', '5', '0', '2015-01-03', '4');
INSERT INTO `products` VALUES ('36', 'Sony SVF1421QSGB', 'Core™ i3-3217U Processor (2*1.8GHz, 3Mb Cache)', '<p><strong style=\"color: #90c843\">T&iacute;nh năng nổi bật:</strong></br> <strong><span style=\"color:#ff0000\">Laptop Asus K555LD-XX363D (I5-4210U) (Đen)</span></strong><br />\r\n- Intel&nbsp;<strong>Core i5-4210U</strong>&nbsp;1.7GHz - 3M<br />\r\n- DDRAM 4GB/1600 Onboard (C&ograve;n 1 Slot)<br />\r\n- HDD 500GB SATA 5400rpm<br />\r\n<strong>- NVIDIA GF 820M 2GB // &nbsp;Intel HD 4400</strong><br />\r\n- DVD-RW<br />\r\n- Card Reader - USB 3.0<br />\r\n- 15.6&quot; HD LED - HDMI - Webcam<br />\r\n- LAN 10/100/1000 - Wireless N - Bluetooth<br />\r\n- Weight 2.3Kg - Battery 37WHrs<br />\r\n- OS Option<br />\r\n<strong>- Bảo h&agrave;nh 2 năm</strong></p>\r\n\r\n', '11990000', '11000000', '2', '5', '0', '2015-01-03', '4');
INSERT INTO `products` VALUES ('37', 'Sony SVT11215SGB', 'Intel core i5-4210Y (1.5G)', '<p><strong style=\"color: #90c843\">T&iacute;nh năng nổi bật:</strong></br> <strong><span style=\"color:#ff0000\">Laptop Asus K555LD-XX363D (I5-4210U) (Đen)</span></strong><br />\r\n- Intel&nbsp;<strong>Core i5-4210U</strong>&nbsp;1.7GHz - 3M<br />\r\n- DDRAM 4GB/1600 Onboard (C&ograve;n 1 Slot)<br />\r\n- HDD 500GB SATA 5400rpm<br />\r\n<strong>- NVIDIA GF 820M 2GB // &nbsp;Intel HD 4400</strong><br />\r\n- DVD-RW<br />\r\n- Card Reader - USB 3.0<br />\r\n- 15.6&quot; HD LED - HDMI - Webcam<br />\r\n- LAN 10/100/1000 - Wireless N - Bluetooth<br />\r\n- Weight 2.3Kg - Battery 37WHrs<br />\r\n- OS Option<br />\r\n<strong>- Bảo h&agrave;nh 2 năm</strong></p>\r\n\r\n', '22990000', '22000000', '3', '5', '0', '2015-02-03', '4');
INSERT INTO `products` VALUES ('38', 'MTXT Sony VAIO SVE14A35CVP', 'Intel Core i5-3230M (2 Core) 2.6GHz', '<p><strong style=\"color: #90c843\">T&iacute;nh năng nổi bật:</strong></br> <strong><span style=\"color:#ff0000\">Laptop Asus K555LD-XX363D (I5-4210U) (Đen)</span></strong><br />\r\n- Intel&nbsp;<strong>Core i5-4210U</strong>&nbsp;1.7GHz - 3M<br />\r\n- DDRAM 4GB/1600 Onboard (C&ograve;n 1 Slot)<br />\r\n- HDD 500GB SATA 5400rpm<br />\r\n<strong>- NVIDIA GF 820M 2GB // &nbsp;Intel HD 4400</strong><br />\r\n- DVD-RW<br />\r\n- Card Reader - USB 3.0<br />\r\n- 15.6&quot; HD LED - HDMI - Webcam<br />\r\n- LAN 10/100/1000 - Wireless N - Bluetooth<br />\r\n- Weight 2.3Kg - Battery 37WHrs<br />\r\n- OS Option<br />\r\n<strong>- Bảo h&agrave;nh 2 năm</strong></p>\r\n\r\n', '19990000', '19000000', '3', '5', '0', '2015-01-03', '4');
INSERT INTO `products` VALUES ('39', 'Sony SVF14327SGP ', 'Core™ i3-4005U Processor(2 * 1.7GHz, 3Mb Cache ) ', '<p><strong style=\"color: #90c843\">T&iacute;nh năng nổi bật:</strong></br> <strong><span style=\"color:#ff0000\">Laptop Asus K555LD-XX363D (I5-4210U) (Đen)</span></strong><br />\r\n- Intel&nbsp;<strong>Core i5-4210U</strong>&nbsp;1.7GHz - 3M<br />\r\n- DDRAM 4GB/1600 Onboard (C&ograve;n 1 Slot)<br />\r\n- HDD 500GB SATA 5400rpm<br />\r\n<strong>- NVIDIA GF 820M 2GB // &nbsp;Intel HD 4400</strong><br />\r\n- DVD-RW<br />\r\n- Card Reader - USB 3.0<br />\r\n- 15.6&quot; HD LED - HDMI - Webcam<br />\r\n- LAN 10/100/1000 - Wireless N - Bluetooth<br />\r\n- Weight 2.3Kg - Battery 37WHrs<br />\r\n- OS Option<br />\r\n<strong>- Bảo h&agrave;nh 2 năm</strong></p>\r\n\r\n', '14990000', '14000000', '5', '5', '1', '2015-01-03', '4');
INSERT INTO `products` VALUES ('40', 'Sony SVF15217SGB - Đen', 'Core™ i3 3227U Processor (2* 1.9GHz, 3Mb Cache )', '<p><strong style=\"color: #90c843\">T&iacute;nh năng nổi bật:</strong></br> <strong><span style=\"color:#ff0000\">Laptop Asus K555LD-XX363D (I5-4210U) (Đen)</span></strong><br />\r\n- Intel&nbsp;<strong>Core i5-4210U</strong>&nbsp;1.7GHz - 3M<br />\r\n- DDRAM 4GB/1600 Onboard (C&ograve;n 1 Slot)<br />\r\n- HDD 500GB SATA 5400rpm<br />\r\n<strong>- NVIDIA GF 820M 2GB // &nbsp;Intel HD 4400</strong><br />\r\n- DVD-RW<br />\r\n- Card Reader - USB 3.0<br />\r\n- 15.6&quot; HD LED - HDMI - Webcam<br />\r\n- LAN 10/100/1000 - Wireless N - Bluetooth<br />\r\n- Weight 2.3Kg - Battery 37WHrs<br />\r\n- OS Option<br />\r\n<strong>- Bảo h&agrave;nh 2 năm</strong></p>\r\n\r\n', '16990000', '16000000', '5', '5', '0', '2015-01-03', '4');
INSERT INTO `products` VALUES ('41', ' Sony SVF1521DSGB/Đen ', 'Core™ i3 3227U Processor (2* 1.9GHz, 3Mb Cache )', '<p><strong style=\"color: #90c843\">T&iacute;nh năng nổi bật:</strong></br> <strong><span style=\"color:#ff0000\">Laptop Asus K555LD-XX363D (I5-4210U) (Đen)</span></strong><br />\r\n- Intel&nbsp;<strong>Core i5-4210U</strong>&nbsp;1.7GHz - 3M<br />\r\n- DDRAM 4GB/1600 Onboard (C&ograve;n 1 Slot)<br />\r\n- HDD 500GB SATA 5400rpm<br />\r\n<strong>- NVIDIA GF 820M 2GB // &nbsp;Intel HD 4400</strong><br />\r\n- DVD-RW<br />\r\n- Card Reader - USB 3.0<br />\r\n- 15.6&quot; HD LED - HDMI - Webcam<br />\r\n- LAN 10/100/1000 - Wireless N - Bluetooth<br />\r\n- Weight 2.3Kg - Battery 37WHrs<br />\r\n- OS Option<br />\r\n<strong>- Bảo h&agrave;nh 2 năm</strong></p>\r\n\r\n', '12990000', '12000000', '5', '5', '4', '2015-01-03', '4');
INSERT INTO `products` VALUES ('42', 'Sony Vaio Fit SVF1521CSGB', 'Intel Core i5-3337U 1.8GHz', '<p><strong style=\"color: #90c843\">T&iacute;nh năng nổi bật:</strong></br> <strong><span style=\"color:#ff0000\">Laptop Asus K555LD-XX363D (I5-4210U) (Đen)</span></strong><br />\r\n- Intel&nbsp;<strong>Core i5-4210U</strong>&nbsp;1.7GHz - 3M<br />\r\n- DDRAM 4GB/1600 Onboard (C&ograve;n 1 Slot)<br />\r\n- HDD 500GB SATA 5400rpm<br />\r\n<strong>- NVIDIA GF 820M 2GB // &nbsp;Intel HD 4400</strong><br />\r\n- DVD-RW<br />\r\n- Card Reader - USB 3.0<br />\r\n- 15.6&quot; HD LED - HDMI - Webcam<br />\r\n- LAN 10/100/1000 - Wireless N - Bluetooth<br />\r\n- Weight 2.3Kg - Battery 37WHrs<br />\r\n- OS Option<br />\r\n<strong>- Bảo h&agrave;nh 2 năm</strong></p>\r\n\r\n', '19990000', '19000000', '3', '5', '0', '2015-01-03', '4');
INSERT INTO `products` VALUES ('43', 'Sony SVF15328SGB ', 'Core™ i5-4200U Processor (1.6GHz turbo boot 2.6GHz,3Mb Cache) ', '<p><strong style=\"color: #90c843\">T&iacute;nh năng nổi bật:</strong></br> <strong><span style=\"color:#ff0000\">Laptop Asus K555LD-XX363D (I5-4210U) (Đen)</span></strong><br />\r\n- Intel&nbsp;<strong>Core i5-4210U</strong>&nbsp;1.7GHz - 3M<br />\r\n- DDRAM 4GB/1600 Onboard (C&ograve;n 1 Slot)<br />\r\n- HDD 500GB SATA 5400rpm<br />\r\n<strong>- NVIDIA GF 820M 2GB // &nbsp;Intel HD 4400</strong><br />\r\n- DVD-RW<br />\r\n- Card Reader - USB 3.0<br />\r\n- 15.6&quot; HD LED - HDMI - Webcam<br />\r\n- LAN 10/100/1000 - Wireless N - Bluetooth<br />\r\n- Weight 2.3Kg - Battery 37WHrs<br />\r\n- OS Option<br />\r\n<strong>- Bảo h&agrave;nh 2 năm</strong></p>\r\n\r\n', '16990000', '16000000', '5', '5', '0', '2015-01-03', '4');
INSERT INTO `products` VALUES ('44', 'Sony SVF15328SGW ', 'Core™ i5-4200U Processor (1.6GHz turbo boot 2.6GHz,3Mb Cache) ', '<p><strong style=\"color: #90c843\">T&iacute;nh năng nổi bật:</strong></br> <strong><span style=\"color:#ff0000\">Laptop Asus K555LD-XX363D (I5-4210U) (Đen)</span></strong><br />\r\n- Intel&nbsp;<strong>Core i5-4210U</strong>&nbsp;1.7GHz - 3M<br />\r\n- DDRAM 4GB/1600 Onboard (C&ograve;n 1 Slot)<br />\r\n- HDD 500GB SATA 5400rpm<br />\r\n<strong>- NVIDIA GF 820M 2GB // &nbsp;Intel HD 4400</strong><br />\r\n- DVD-RW<br />\r\n- Card Reader - USB 3.0<br />\r\n- 15.6&quot; HD LED - HDMI - Webcam<br />\r\n- LAN 10/100/1000 - Wireless N - Bluetooth<br />\r\n- Weight 2.3Kg - Battery 37WHrs<br />\r\n- OS Option<br />\r\n<strong>- Bảo h&agrave;nh 2 năm</strong></p>\r\n\r\n', '16990000', '16000000', '2', '5', '1', '2015-01-03', '4');
INSERT INTO `products` VALUES ('45', ' Sony SVF14N16SGB', 'Intel core i5-4200U', '<p><strong style=\"color: #90c843\">T&iacute;nh năng nổi bật:</strong></br> <strong><span style=\"color:#ff0000\">Laptop Asus K555LD-XX363D (I5-4210U) (Đen)</span></strong><br />\r\n- Intel&nbsp;<strong>Core i5-4210U</strong>&nbsp;1.7GHz - 3M<br />\r\n- DDRAM 4GB/1600 Onboard (C&ograve;n 1 Slot)<br />\r\n- HDD 500GB SATA 5400rpm<br />\r\n<strong>- NVIDIA GF 820M 2GB // &nbsp;Intel HD 4400</strong><br />\r\n- DVD-RW<br />\r\n- Card Reader - USB 3.0<br />\r\n- 15.6&quot; HD LED - HDMI - Webcam<br />\r\n- LAN 10/100/1000 - Wireless N - Bluetooth<br />\r\n- Weight 2.3Kg - Battery 37WHrs<br />\r\n- OS Option<br />\r\n<strong>- Bảo h&agrave;nh 2 năm</strong></p>\r\n\r\n', '24990000', '24000000', '3', '5', '0', '2015-01-03', '4');

-- ----------------------------
-- Table structure for `users`
-- ----------------------------
DROP TABLE IF EXISTS `users`;
CREATE TABLE `users` (
  `ID` int(10) unsigned NOT NULL AUTO_INCREMENT,
  `Username` varchar(50) COLLATE utf8_unicode_ci NOT NULL,
  `Password` varchar(255) COLLATE utf8_unicode_ci NOT NULL,
  `Name` varchar(50) COLLATE utf8_unicode_ci NOT NULL,
  `Email` varchar(50) COLLATE utf8_unicode_ci NOT NULL,
  `DOB` date DEFAULT NULL,
  `Permission` int(11) DEFAULT NULL,
  `Phone` varchar(255) COLLATE utf8_unicode_ci NOT NULL,
  `Address` varchar(255) COLLATE utf8_unicode_ci NOT NULL,
  PRIMARY KEY (`ID`)
) ENGINE=MyISAM AUTO_INCREMENT=8 DEFAULT CHARSET=utf8 COLLATE=utf8_unicode_ci;

-- ----------------------------
-- Records of users
-- ----------------------------
INSERT INTO `users` VALUES ('6', 'admin', 'd35fab2152803bda8b95be78d671ed90', 'Lyk Lynh', '123@zing.vn', '2015-01-22', '2', '1234', '123');
INSERT INTO `users` VALUES ('7', 'test1', '730dae5b8c3f2f4a561c27ea6c181d5f', '112dfgdf', '223324324', '1970-01-01', '1', '1232', '2323');
